{
    "total_runtime": 131.18084597587585,
    "num_documents": 1,
    "input_load_time": 0,
    "workflows": {
        "create_base_text_units": {
            "overall": 0.37436676025390625,
            "0_orderby": 0.004997730255126953,
            "1_zip": 0.0050008296966552734,
            "2_aggregate_override": 0.009008646011352539,
            "3_chunk": 0.2774219512939453,
            "4_select": 0.005994319915771484,
            "5_unroll": 0.010003089904785156,
            "6_rename": 0.007009983062744141,
            "7_genid": 0.008516073226928711,
            "8_unzip": 0.008414983749389648,
            "9_copy": 0.007997989654541016,
            "10_filter": 0.026000499725341797
        },
        "create_base_extracted_entities": {
            "overall": 10.206971883773804,
            "0_entity_extract": 10.156759023666382,
            "1_merge_graphs": 0.019997835159301758,
            "2_snapshot_rows": 0.0222170352935791
        },
        "create_summarized_entities": {
            "overall": 60.224353551864624,
            "0_summarize_descriptions": 60.19976830482483,
            "1_snapshot_rows": 0.014587640762329102
        },
        "create_base_entity_graph": {
            "overall": 0.256727933883667,
            "0_cluster_graph": 0.04613804817199707,
            "1_snapshot_rows": 0.015001773834228516,
            "2_embed_graph": 0.1505420207977295,
            "3_snapshot_rows": 0.017008304595947266,
            "4_select": 0.015517711639404297
        },
        "create_final_entities": {
            "overall": 7.487861156463623,
            "0_unpack_graph": 0.02099299430847168,
            "1_rename": 0.016524314880371094,
            "2_select": 0.017500877380371094,
            "3_dedupe": 0.019000530242919922,
            "4_rename": 0.018001079559326172,
            "5_filter": 0.04200625419616699,
            "6_text_split": 0.01952838897705078,
            "7_drop": 0.020000219345092773,
            "8_merge": 0.03499746322631836,
            "9_text_embed": 7.1957786083221436,
            "10_drop": 0.02100086212158203,
            "11_filter": 0.04752469062805176
        },
        "create_final_nodes": {
            "overall": 0.40295839309692383,
            "0_layout_graph": 0.04351925849914551,
            "1_unpack_graph": 0.026996135711669922,
            "2_unpack_graph": 0.027001619338989258,
            "3_drop": 0.024002790451049805,
            "4_filter": 0.05153679847717285,
            "5_select": 0.024997472763061523,
            "6_rename": 0.02399921417236328,
            "7_convert": 0.09233570098876953,
            "8_join": 0.04052019119262695,
            "9_rename": 0.02700066566467285
        },
        "create_final_communities": {
            "overall": 0.5837996006011963,
            "0_unpack_graph": 0.03923177719116211,
            "1_unpack_graph": 0.047998666763305664,
            "2_aggregate_override": 0.0350649356842041,
            "3_join": 0.038263797760009766,
            "4_join": 0.03701496124267578,
            "5_concat": 0.028719186782836914,
            "6_filter": 0.06500482559204102,
            "7_aggregate_override": 0.03446245193481445,
            "8_join": 0.038001298904418945,
            "9_filter": 0.06651568412780762,
            "10_fill": 0.031000852584838867,
            "11_merge": 0.034003257751464844,
            "12_copy": 0.031517744064331055,
            "13_select": 0.032006263732910156
        },
        "join_text_units_to_entity_ids": {
            "overall": 0.13757824897766113,
            "0_select": 0.03353261947631836,
            "1_unroll": 0.036002159118652344,
            "2_aggregate_override": 0.03603720664978027
        },
        "create_final_relationships": {
            "overall": 0.47070789337158203,
            "0_unpack_graph": 0.040003061294555664,
            "1_filter": 0.07524847984313965,
            "2_rename": 0.03499436378479004,
            "3_filter": 0.07839632034301758,
            "4_drop": 0.0445253849029541,
            "5_compute_edge_combined_degree": 0.04800295829772949,
            "6_convert": 0.07752704620361328,
            "7_convert": 0.038999080657958984
        },
        "join_text_units_to_relationship_ids": {
            "overall": 0.2070937156677246,
            "0_select": 0.03954124450683594,
            "1_unroll": 0.04053497314453125,
            "2_aggregate_override": 0.0429987907409668,
            "3_select": 0.04102897644042969
        },
        "create_final_community_reports": {
            "overall": 44.997286319732666,
            "0_prepare_community_reports_nodes": 0.04306459426879883,
            "1_prepare_community_reports_edges": 0.04399538040161133,
            "2_restore_community_hierarchy": 0.04653310775756836,
            "3_prepare_community_reports": 0.14529871940612793,
            "4_create_community_reports": 44.63479828834534,
            "5_window": 0.044580936431884766
        },
        "create_final_text_units": {
            "overall": 0.3763539791107178,
            "0_select": 0.04700493812561035,
            "1_rename": 0.047518253326416016,
            "2_join": 0.06659340858459473,
            "3_join": 0.056459903717041016,
            "4_aggregate_override": 0.0637044906616211,
            "5_select": 0.04952216148376465
        },
        "create_base_documents": {
            "overall": 0.8094387054443359,
            "0_unroll": 0.058973073959350586,
            "1_select": 0.0725255012512207,
            "2_rename": 0.09305620193481445,
            "3_join": 0.17039871215820312,
            "4_aggregate_override": 0.054852962493896484,
            "5_join": 0.06515622138977051,
            "6_rename": 0.06545138359069824,
            "7_convert": 0.1795353889465332
        },
        "create_final_documents": {
            "overall": 0.13153409957885742,
            "0_rename": 0.0675206184387207
        }
    }
}