{
    "total_runtime": 235.5481560230255,
    "num_documents": 1,
    "input_load_time": 0,
    "workflows": {
        "create_base_text_units": {
            "overall": 0.4167463779449463,
            "0_orderby": 0.012913703918457031,
            "1_zip": 0.009224653244018555,
            "2_aggregate_override": 0.009937047958374023,
            "3_chunk": 0.28592586517333984,
            "4_select": 0.010004758834838867,
            "5_unroll": 0.01108860969543457,
            "6_rename": 0.008000612258911133,
            "7_genid": 0.00966787338256836,
            "8_unzip": 0.010793924331665039,
            "9_copy": 0.008646965026855469,
            "10_filter": 0.0405423641204834
        },
        "create_base_extracted_entities": {
            "overall": 160.89507031440735,
            "0_entity_extract": 160.8391273021698,
            "1_merge_graphs": 0.02957892417907715,
            "2_snapshot_rows": 0.016370058059692383
        },
        "create_summarized_entities": {
            "overall": 17.94799542427063,
            "0_summarize_descriptions": 17.93474268913269,
            "1_snapshot_rows": 0.0075626373291015625
        },
        "create_base_entity_graph": {
            "overall": 0.2183856964111328,
            "0_cluster_graph": 0.0404050350189209,
            "1_snapshot_rows": 0.02149486541748047,
            "2_embed_graph": 0.10015225410461426,
            "3_snapshot_rows": 0.015762805938720703,
            "4_select": 0.023226022720336914
        },
        "create_final_entities": {
            "overall": 5.793858766555786,
            "0_unpack_graph": 0.019693851470947266,
            "1_rename": 0.019356966018676758,
            "2_select": 0.01636481285095215,
            "3_dedupe": 0.016834259033203125,
            "4_rename": 0.018187761306762695,
            "5_filter": 0.03996443748474121,
            "6_text_split": 0.01912546157836914,
            "7_drop": 0.019461393356323242,
            "8_merge": 0.031592369079589844,
            "9_text_embed": 5.502312660217285,
            "10_drop": 0.022443532943725586,
            "11_filter": 0.05013585090637207
        },
        "create_final_nodes": {
            "overall": 0.4580259323120117,
            "0_layout_graph": 0.0400998592376709,
            "1_unpack_graph": 0.02282857894897461,
            "2_unpack_graph": 0.021271228790283203,
            "3_drop": 0.030916452407836914,
            "4_filter": 0.06119656562805176,
            "5_select": 0.03629589080810547,
            "6_rename": 0.022182464599609375,
            "7_convert": 0.13399982452392578,
            "8_join": 0.03904461860656738,
            "9_rename": 0.0263216495513916
        },
        "create_final_communities": {
            "overall": 0.5721690654754639,
            "0_unpack_graph": 0.04099702835083008,
            "1_unpack_graph": 0.029232025146484375,
            "2_aggregate_override": 0.04870915412902832,
            "3_join": 0.03823208808898926,
            "4_join": 0.0370941162109375,
            "5_concat": 0.026682615280151367,
            "6_filter": 0.06002020835876465,
            "7_aggregate_override": 0.03940105438232422,
            "8_join": 0.041600942611694336,
            "9_filter": 0.06802892684936523,
            "10_fill": 0.030385494232177734,
            "11_merge": 0.030519962310791016,
            "12_copy": 0.03578758239746094,
            "13_select": 0.0323641300201416
        },
        "join_text_units_to_entity_ids": {
            "overall": 0.1361989974975586,
            "0_select": 0.025226116180419922,
            "1_unroll": 0.043134212493896484,
            "2_aggregate_override": 0.03589344024658203
        },
        "create_final_relationships": {
            "overall": 0.5405497550964355,
            "0_unpack_graph": 0.03517031669616699,
            "1_filter": 0.0820305347442627,
            "2_rename": 0.0274350643157959,
            "3_filter": 0.08500456809997559,
            "4_drop": 0.03514599800109863,
            "5_compute_edge_combined_degree": 0.0497136116027832,
            "6_convert": 0.14963364601135254,
            "7_convert": 0.037580251693725586
        },
        "join_text_units_to_relationship_ids": {
            "overall": 0.2048661708831787,
            "0_select": 0.0482635498046875,
            "1_unroll": 0.040283918380737305,
            "2_aggregate_override": 0.042878150939941406,
            "3_select": 0.04055190086364746
        },
        "create_final_community_reports": {
            "overall": 43.211686849594116,
            "0_prepare_community_reports_nodes": 0.04682040214538574,
            "1_prepare_community_reports_edges": 0.08354353904724121,
            "2_restore_community_hierarchy": 0.047044992446899414,
            "3_prepare_community_reports": 0.09209275245666504,
            "4_create_community_reports": 42.858646392822266,
            "5_window": 0.04713177680969238
        },
        "create_final_text_units": {
            "overall": 0.3354151248931885,
            "0_select": 0.05385160446166992,
            "1_rename": 0.04457879066467285,
            "2_join": 0.053411245346069336,
            "3_join": 0.05319619178771973,
            "4_aggregate_override": 0.05934286117553711,
            "5_select": 0.03300738334655762
        },
        "create_base_documents": {
            "overall": 0.5634124279022217,
            "0_unroll": 0.053768157958984375,
            "1_select": 0.04664325714111328,
            "2_rename": 0.04763460159301758,
            "3_join": 0.05531167984008789,
            "4_aggregate_override": 0.050818681716918945,
            "5_join": 0.10689139366149902,
            "6_rename": 0.049500226974487305,
            "7_convert": 0.10420656204223633
        },
        "create_final_documents": {
            "overall": 0.10484027862548828,
            "0_rename": 0.05138421058654785
        }
    }
}