{
    "total_runtime": 304.406676530838,
    "num_documents": 1,
    "input_load_time": 0,
    "workflows": {
        "create_base_text_units": {
            "overall": 0.43996644020080566,
            "0_orderby": 0.010010957717895508,
            "1_zip": 0.007008552551269531,
            "2_aggregate_override": 0.014020442962646484,
            "3_chunk": 0.3138890266418457,
            "4_select": 0.009999513626098633,
            "5_unroll": 0.01603984832763672,
            "6_rename": 0.006999015808105469,
            "7_genid": 0.009998798370361328,
            "8_unzip": 0.009000062942504883,
            "9_copy": 0.008002042770385742,
            "10_filter": 0.0299990177154541
        },
        "create_base_extracted_entities": {
            "overall": 11.788819551467896,
            "0_entity_extract": 11.7351655960083,
            "1_merge_graphs": 0.03153419494628906,
            "2_snapshot_rows": 0.012995004653930664
        },
        "create_summarized_entities": {
            "overall": 229.60142874717712,
            "0_summarize_descriptions": 229.5739004611969,
            "1_snapshot_rows": 0.01700735092163086
        },
        "create_base_entity_graph": {
            "overall": 0.31466078758239746,
            "0_cluster_graph": 0.05200552940368652,
            "1_snapshot_rows": 0.01706981658935547,
            "2_embed_graph": 0.18906641006469727,
            "3_snapshot_rows": 0.02053070068359375,
            "4_select": 0.01999044418334961
        },
        "create_final_entities": {
            "overall": 9.089198112487793,
            "0_unpack_graph": 0.027411222457885742,
            "1_rename": 0.01800370216369629,
            "2_select": 0.02000117301940918,
            "3_dedupe": 0.02400517463684082,
            "4_rename": 0.022521257400512695,
            "5_filter": 0.05499625205993652,
            "6_text_split": 0.024005889892578125,
            "7_drop": 0.024518966674804688,
            "8_merge": 0.04100298881530762,
            "9_text_embed": 8.739194869995117,
            "10_drop": 0.023534297943115234,
            "11_filter": 0.04999423027038574
        },
        "create_final_nodes": {
            "overall": 0.4336204528808594,
            "0_layout_graph": 0.048531532287597656,
            "1_unpack_graph": 0.029000282287597656,
            "2_unpack_graph": 0.030004024505615234,
            "3_filter": 0.05407214164733887,
            "4_drop": 0.024994373321533203,
            "5_select": 0.029000043869018555,
            "6_rename": 0.025537490844726562,
            "7_join": 0.04599881172180176,
            "8_convert": 0.09548163414001465,
            "9_rename": 0.029998064041137695
        },
        "create_final_communities": {
            "overall": 0.6602919101715088,
            "0_unpack_graph": 0.04052138328552246,
            "1_unpack_graph": 0.034481048583984375,
            "2_aggregate_override": 0.038016557693481445,
            "3_join": 0.04852557182312012,
            "4_join": 0.04600882530212402,
            "5_concat": 0.032523155212402344,
            "6_filter": 0.07355356216430664,
            "7_aggregate_override": 0.0475161075592041,
            "8_join": 0.044046878814697266,
            "9_filter": 0.07502579689025879,
            "10_fill": 0.03301572799682617,
            "11_merge": 0.035524606704711914,
            "12_copy": 0.03400015830993652,
            "13_select": 0.04552888870239258
        },
        "join_text_units_to_entity_ids": {
            "overall": 0.18304443359375,
            "0_select": 0.07052755355834961,
            "1_unroll": 0.039017438888549805,
            "2_aggregate_override": 0.03849196434020996
        },
        "create_final_relationships": {
            "overall": 0.49980878829956055,
            "0_unpack_graph": 0.04104495048522949,
            "1_filter": 0.0804450511932373,
            "2_rename": 0.03953051567077637,
            "3_filter": 0.0825495719909668,
            "4_drop": 0.04501938819885254,
            "5_compute_edge_combined_degree": 0.055689334869384766,
            "6_convert": 0.0800011157989502,
            "7_convert": 0.04153013229370117
        },
        "join_text_units_to_relationship_ids": {
            "overall": 0.2251136302947998,
            "0_select": 0.04399466514587402,
            "1_unroll": 0.046540021896362305,
            "2_aggregate_override": 0.05099844932556152,
            "3_select": 0.0420529842376709
        },
        "create_final_community_reports": {
            "overall": 45.388407945632935,
            "0_prepare_community_reports_nodes": 0.05156397819519043,
            "1_prepare_community_reports_edges": 0.04796791076660156,
            "2_restore_community_hierarchy": 0.047492265701293945,
            "3_prepare_community_reports": 0.15522480010986328,
            "4_create_community_reports": 45.00017714500427,
            "5_window": 0.04497647285461426
        },
        "create_final_text_units": {
            "overall": 0.4115726947784424,
            "0_select": 0.050998687744140625,
            "1_rename": 0.04652690887451172,
            "2_join": 0.05299949645996094,
            "3_join": 0.07953214645385742,
            "4_aggregate_override": 0.0835120677947998,
            "5_select": 0.04900527000427246
        },
        "create_base_documents": {
            "overall": 0.5723457336425781,
            "0_unroll": 0.05050158500671387,
            "1_select": 0.05001521110534668,
            "2_rename": 0.049010515213012695,
            "3_join": 0.05652356147766113,
            "4_aggregate_override": 0.05116677284240723,
            "5_join": 0.05899930000305176,
            "6_rename": 0.05055117607116699,
            "7_convert": 0.15856504440307617
        },
        "create_final_documents": {
            "overall": 0.10568976402282715,
            "0_rename": 0.054999589920043945
        }
    }
}