{
    "total_runtime": 795.8927896022797,
    "num_documents": 1,
    "input_load_time": 0,
    "workflows": {
        "create_base_text_units": {
            "overall": 0.400956392288208,
            "0_orderby": 0.010251522064208984,
            "1_zip": 0.0,
            "2_aggregate_override": 0.015780925750732422,
            "3_chunk": 0.2883007526397705,
            "4_select": 0.0,
            "5_unroll": 0.02168416976928711,
            "6_rename": 0.007048606872558594,
            "7_genid": 0.01154780387878418,
            "8_unzip": 0.01000523567199707,
            "9_copy": 0.009016275405883789,
            "10_filter": 0.02732110023498535
        },
        "create_base_extracted_entities": {
            "overall": 449.5518674850464,
            "0_entity_extract": 449.47307896614075,
            "1_snapshot": 0.01590442657470703,
            "2_merge_graphs": 0.037030935287475586,
            "3_snapshot_rows": 0.015514850616455078
        },
        "create_summarized_entities": {
            "overall": 165.2977979183197,
            "0_summarize_descriptions": 165.26841282844543,
            "1_snapshot_rows": 0.01762080192565918
        },
        "create_base_entity_graph": {
            "overall": 0.24439120292663574,
            "0_cluster_graph": 0.06078362464904785,
            "1_snapshot_rows": 0.01719951629638672,
            "2_embed_graph": 0.11710453033447266,
            "3_snapshot_rows": 0.03170037269592285,
            "4_select": 0.017603158950805664
        },
        "create_final_entities": {
            "overall": 14.038670539855957,
            "0_unpack_graph": 0.024039506912231445,
            "1_rename": 0.02063727378845215,
            "2_select": 0.02132391929626465,
            "3_dedupe": 0.019289731979370117,
            "4_rename": 0.023073673248291016,
            "5_filter": 0.0495295524597168,
            "6_text_split": 0.021191120147705078,
            "7_drop": 0.03822469711303711,
            "8_merge": 0.03521370887756348,
            "9_text_embed": 13.689149618148804,
            "10_drop": 0.02670741081237793,
            "11_filter": 0.051871299743652344
        },
        "create_final_nodes": {
            "overall": 0.4636228084564209,
            "0_layout_graph": 0.04074573516845703,
            "1_unpack_graph": 0.03375816345214844,
            "2_unpack_graph": 0.028371810913085938,
            "3_drop": 0.02314019203186035,
            "4_filter": 0.05173134803771973,
            "5_select": 0.03125500679016113,
            "6_snapshot": 0.028210163116455078,
            "7_rename": 0.029502391815185547,
            "8_convert": 0.09058690071105957,
            "9_join": 0.04990816116333008,
            "10_rename": 0.034551143646240234
        },
        "create_final_communities": {
            "overall": 0.643362283706665,
            "0_unpack_graph": 0.027670860290527344,
            "1_unpack_graph": 0.04200339317321777,
            "2_aggregate_override": 0.04235506057739258,
            "3_join": 0.0346074104309082,
            "4_join": 0.0734701156616211,
            "5_concat": 0.03708219528198242,
            "6_filter": 0.07248806953430176,
            "7_aggregate_override": 0.037360191345214844,
            "8_join": 0.04087257385253906,
            "9_filter": 0.07147097587585449,
            "10_fill": 0.027678966522216797,
            "11_merge": 0.04057478904724121,
            "12_copy": 0.04103422164916992,
            "13_select": 0.02899932861328125
        },
        "join_text_units_to_entity_ids": {
            "overall": 0.15384745597839355,
            "0_select": 0.03631734848022461,
            "1_unroll": 0.03356599807739258,
            "2_aggregate_override": 0.04425168037414551
        },
        "create_final_relationships": {
            "overall": 0.5090718269348145,
            "0_unpack_graph": 0.048630714416503906,
            "1_filter": 0.08108377456665039,
            "2_rename": 0.04314756393432617,
            "3_filter": 0.07806944847106934,
            "4_drop": 0.0406956672668457,
            "5_compute_edge_combined_degree": 0.04976677894592285,
            "6_convert": 0.08166027069091797,
            "7_convert": 0.04759788513183594
        },
        "join_text_units_to_relationship_ids": {
            "overall": 0.26300549507141113,
            "0_select": 0.041535139083862305,
            "1_unroll": 0.04036855697631836,
            "2_aggregate_override": 0.09387063980102539,
            "3_select": 0.04189586639404297
        },
        "create_final_community_reports": {
            "overall": 158.70873975753784,
            "0_prepare_community_reports_nodes": 0.06279706954956055,
            "1_prepare_community_reports_edges": 0.046929359436035156,
            "2_restore_community_hierarchy": 0.05004525184631348,
            "3_prepare_community_reports": 0.1007697582244873,
            "4_create_community_reports": 158.3565821647644,
            "5_window": 0.06007504463195801
        },
        "create_final_text_units": {
            "overall": 0.3684825897216797,
            "0_select": 0.04899406433105469,
            "1_rename": 0.039289236068725586,
            "2_join": 0.05156517028808594,
            "3_join": 0.06444740295410156,
            "4_aggregate_override": 0.05394291877746582,
            "5_select": 0.050112247467041016
        },
        "create_base_documents": {
            "overall": 0.6122090816497803,
            "0_unroll": 0.06528925895690918,
            "1_select": 0.050045013427734375,
            "2_rename": 0.050718069076538086,
            "3_join": 0.05928301811218262,
            "4_aggregate_override": 0.0539708137512207,
            "5_join": 0.07235908508300781,
            "6_rename": 0.04363083839416504,
            "7_convert": 0.17606043815612793
        },
        "create_final_documents": {
            "overall": 0.11134934425354004,
            "0_rename": 0.06248593330383301
        }
    }
}