{
    "total_runtime": 639.6076323986053,
    "num_documents": 1,
    "input_load_time": 0,
    "workflows": {
        "create_base_text_units": {
            "overall": 0.3955059051513672,
            "0_orderby": 0.004822731018066406,
            "1_zip": 0.005214214324951172,
            "2_aggregate_override": 0.009053945541381836,
            "3_chunk": 0.27727460861206055,
            "4_select": 0.0,
            "5_unroll": 0.018787384033203125,
            "6_rename": 0.007985353469848633,
            "7_genid": 0.010226726531982422,
            "8_unzip": 0.010566949844360352,
            "9_copy": 0.009007692337036133,
            "10_filter": 0.023377656936645508
        },
        "create_base_extracted_entities": {
            "overall": 5.825419187545776,
            "0_entity_extract": 5.748735189437866,
            "1_snapshot": 0.032228708267211914,
            "2_merge_graphs": 0.01927495002746582,
            "3_snapshot_rows": 0.019252777099609375
        },
        "create_summarized_entities": {
            "overall": 340.16604447364807,
            "0_summarize_descriptions": 340.1497492790222,
            "1_snapshot_rows": 0.016295194625854492
        },
        "create_base_entity_graph": {
            "overall": 0.5016787052154541,
            "0_cluster_graph": 0.07700538635253906,
            "1_snapshot_rows": 0.016398191452026367,
            "2_embed_graph": 0.35301947593688965,
            "3_snapshot_rows": 0.023047685623168945,
            "4_select": 0.016268014907836914
        },
        "create_final_entities": {
            "overall": 18.44091510772705,
            "0_unpack_graph": 0.013246774673461914,
            "1_rename": 0.03749656677246094,
            "2_select": 0.019248485565185547,
            "3_dedupe": 0.017971038818359375,
            "4_rename": 0.01503300666809082,
            "5_filter": 0.04895734786987305,
            "6_text_split": 0.022042036056518555,
            "7_drop": 0.01878833770751953,
            "8_merge": 0.04772639274597168,
            "9_text_embed": 18.112088918685913,
            "10_drop": 0.02224135398864746,
            "11_filter": 0.04864096641540527
        },
        "create_final_nodes": {
            "overall": 0.559140682220459,
            "0_layout_graph": 0.08560657501220703,
            "1_unpack_graph": 0.021051645278930664,
            "2_unpack_graph": 0.05295109748840332,
            "3_filter": 0.056001901626586914,
            "4_drop": 0.027404308319091797,
            "5_select": 0.02900838851928711,
            "6_snapshot": 0.030362606048583984,
            "7_rename": 0.03250384330749512,
            "8_convert": 0.13190317153930664,
            "9_join": 0.046593666076660156,
            "10_rename": 0.02979302406311035
        },
        "create_final_communities": {
            "overall": 0.635746955871582,
            "0_unpack_graph": 0.04398226737976074,
            "1_unpack_graph": 0.04405808448791504,
            "2_aggregate_override": 0.039263248443603516,
            "3_join": 0.04312443733215332,
            "4_join": 0.04155778884887695,
            "5_concat": 0.029001235961914062,
            "6_filter": 0.07928609848022461,
            "7_aggregate_override": 0.039263248443603516,
            "8_join": 0.04052901268005371,
            "9_filter": 0.07492852210998535,
            "10_fill": 0.03294992446899414,
            "11_merge": 0.03705120086669922,
            "12_copy": 0.01988077163696289,
            "13_select": 0.043825626373291016
        },
        "join_text_units_to_entity_ids": {
            "overall": 0.18305182456970215,
            "0_select": 0.06954646110534668,
            "1_unroll": 0.04257345199584961,
            "2_aggregate_override": 0.03929615020751953
        },
        "create_final_relationships": {
            "overall": 0.49903321266174316,
            "0_unpack_graph": 0.06334614753723145,
            "1_filter": 0.07985377311706543,
            "2_rename": 0.03939318656921387,
            "3_filter": 0.07859611511230469,
            "4_drop": 0.041179656982421875,
            "5_compute_edge_combined_degree": 0.045912981033325195,
            "6_convert": 0.07992291450500488,
            "7_convert": 0.0394434928894043
        },
        "join_text_units_to_relationship_ids": {
            "overall": 0.22302865982055664,
            "0_select": 0.04274463653564453,
            "1_unroll": 0.04180788993835449,
            "2_aggregate_override": 0.04721713066101074,
            "3_select": 0.04397177696228027
        },
        "create_final_community_reports": {
            "overall": 266.5173578262329,
            "0_prepare_community_reports_nodes": 0.04844379425048828,
            "1_prepare_community_reports_edges": 0.04802870750427246,
            "2_restore_community_hierarchy": 0.04900836944580078,
            "3_prepare_community_reports": 0.16670584678649902,
            "4_create_community_reports": 266.0656807422638,
            "5_window": 0.09206604957580566
        },
        "create_final_text_units": {
            "overall": 0.3705017566680908,
            "0_select": 0.04795646667480469,
            "1_rename": 0.0545809268951416,
            "2_join": 0.05544137954711914,
            "3_join": 0.05767679214477539,
            "4_aggregate_override": 0.04791712760925293,
            "5_select": 0.05438232421875
        },
        "create_base_documents": {
            "overall": 0.6390717029571533,
            "0_unroll": 0.06810402870178223,
            "1_select": 0.04289126396179199,
            "2_rename": 0.062085628509521484,
            "3_join": 0.062042951583862305,
            "4_aggregate_override": 0.05062532424926758,
            "5_join": 0.07729387283325195,
            "6_rename": 0.06485366821289062,
            "7_convert": 0.17322540283203125
        },
        "create_final_documents": {
            "overall": 0.22262334823608398,
            "0_rename": 0.15599799156188965
        }
    }
}