{
    "total_runtime": 263.4556083679199,
    "num_documents": 4,
    "input_load_time": 0,
    "workflows": {
        "create_base_text_units": {
            "overall": 0.5053033828735352,
            "0_orderby": 0.005975961685180664,
            "1_zip": 0.006990909576416016,
            "2_aggregate_override": 0.02540135383605957,
            "3_chunk": 0.36013150215148926,
            "4_select": 0.009348154067993164,
            "5_unroll": 0.012277841567993164,
            "6_rename": 0.009268522262573242,
            "7_genid": 0.012072086334228516,
            "8_unzip": 0.01099395751953125,
            "9_copy": 0.012005090713500977,
            "10_filter": 0.03663778305053711
        },
        "create_base_extracted_entities": {
            "overall": 47.22003388404846,
            "0_entity_extract": 47.16880941390991,
            "1_merge_graphs": 0.023080825805664062,
            "2_snapshot_rows": 0.018143653869628906
        },
        "create_summarized_entities": {
            "overall": 163.67115473747253,
            "0_summarize_descriptions": 163.64515590667725,
            "1_snapshot_rows": 0.014000892639160156
        },
        "create_base_entity_graph": {
            "overall": 0.2611420154571533,
            "0_cluster_graph": 0.04999852180480957,
            "1_snapshot_rows": 0.021564960479736328,
            "2_embed_graph": 0.14157772064208984,
            "3_snapshot_rows": 0.016993999481201172,
            "4_select": 0.018006086349487305
        },
        "create_final_entities": {
            "overall": 8.289971113204956,
            "0_unpack_graph": 0.02199697494506836,
            "1_rename": 0.017400503158569336,
            "2_select": 0.020000696182250977,
            "3_dedupe": 0.018005847930908203,
            "4_rename": 0.019015073776245117,
            "5_filter": 0.04749298095703125,
            "6_text_split": 0.023034095764160156,
            "7_drop": 0.022969484329223633,
            "8_merge": 0.03200244903564453,
            "9_text_embed": 7.980505704879761,
            "10_drop": 0.022027254104614258,
            "11_filter": 0.05052328109741211
        },
        "create_final_nodes": {
            "overall": 0.47710299491882324,
            "0_layout_graph": 0.056463003158569336,
            "1_unpack_graph": 0.0315251350402832,
            "2_unpack_graph": 0.02953624725341797,
            "3_drop": 0.02400517463684082,
            "4_filter": 0.05700206756591797,
            "5_select": 0.040557861328125,
            "6_rename": 0.039998769760131836,
            "7_convert": 0.09245896339416504,
            "8_join": 0.04753279685974121,
            "9_rename": 0.026998043060302734
        },
        "create_final_communities": {
            "overall": 0.6509127616882324,
            "0_unpack_graph": 0.03300046920776367,
            "1_unpack_graph": 0.0339963436126709,
            "2_aggregate_override": 0.04951977729797363,
            "3_join": 0.04024171829223633,
            "4_join": 0.038008689880371094,
            "5_concat": 0.031568050384521484,
            "6_filter": 0.07100248336791992,
            "7_aggregate_override": 0.036520957946777344,
            "8_join": 0.04200005531311035,
            "9_filter": 0.0725562572479248,
            "10_fill": 0.05052375793457031,
            "11_merge": 0.06001567840576172,
            "12_copy": 0.03200984001159668,
            "13_select": 0.03346967697143555
        },
        "join_text_units_to_entity_ids": {
            "overall": 0.1505274772644043,
            "0_select": 0.03700709342956543,
            "1_unroll": 0.040520668029785156,
            "2_aggregate_override": 0.0409998893737793
        },
        "create_final_relationships": {
            "overall": 0.5370216369628906,
            "0_unpack_graph": 0.04199361801147461,
            "1_filter": 0.09732174873352051,
            "2_rename": 0.061505794525146484,
            "3_filter": 0.08100414276123047,
            "4_drop": 0.04351615905761719,
            "5_compute_edge_combined_degree": 0.057534217834472656,
            "6_convert": 0.07852602005004883,
            "7_convert": 0.04108095169067383
        },
        "join_text_units_to_relationship_ids": {
            "overall": 0.21259379386901855,
            "0_select": 0.04052901268005371,
            "1_unroll": 0.04400062561035156,
            "2_aggregate_override": 0.04552817344665527,
            "3_select": 0.042520999908447266
        },
        "create_final_community_reports": {
            "overall": 35.471877098083496,
            "0_prepare_community_reports_nodes": 0.0469975471496582,
            "1_prepare_community_reports_edges": 0.046684980392456055,
            "2_restore_community_hierarchy": 0.06100797653198242,
            "3_prepare_community_reports": 0.14697003364562988,
            "4_create_community_reports": 35.08011841773987,
            "5_window": 0.04657101631164551
        },
        "create_final_text_units": {
            "overall": 0.3576180934906006,
            "0_select": 0.04655313491821289,
            "1_rename": 0.04799795150756836,
            "2_join": 0.056531429290771484,
            "3_join": 0.05900931358337402,
            "4_aggregate_override": 0.053513526916503906,
            "5_select": 0.04900836944580078
        },
        "create_base_documents": {
            "overall": 0.6958997249603271,
            "0_unroll": 0.05153179168701172,
            "1_select": 0.04999566078186035,
            "2_rename": 0.05155634880065918,
            "3_join": 0.05701446533203125,
            "4_aggregate_override": 0.07373189926147461,
            "5_join": 0.09553909301757812,
            "6_rename": 0.05156540870666504,
            "7_convert": 0.21704864501953125
        },
        "create_final_documents": {
            "overall": 0.10787463188171387,
            "0_rename": 0.0553743839263916
        }
    }
}